Country,Year,Food_Price_Index,Inflation
AFG,2019,149.895975208032,149.895975208032
AFG,2018,146.52248185721,146.52248185721
AFG,2017,145.610741438593,145.610741438593
AFG,2016,138.708665508891,138.708665508891
AFG,2015,132.883209191418,132.883209191418
AFG,2014,133.768366733582,133.768366733582
AFG,2013,127.795223073732,127.795223073732
AFG,2012,119.005731346616,119.005731346616
AFG,2011,111.804185808913,111.804185808913
AFG,2010,100.0,100.0
ALB,2022,131.750834819418,131.750834819418
ALB,2021,123.448662047404,123.448662047404
ALB,2020,120.978911881374,120.978911881374
ALB,2019,119.049258384382,119.049258384382
ALB,2018,117.392740239274,117.392740239274
ALB,2017,115.059269640307,115.059269640307
ALB,2016,112.817958876089,112.817958876089
ALB,2015,111.397164149808,111.397164149808
ALB,2014,109.324187306059,109.324187306059
ALB,2013,107.575160377427,107.575160377427
ALB,2012,105.530381748189,105.530381748189
ALB,2011,103.429123247222,103.429123247222
ALB,2010,100.0,100.0
DZA,2023,198.550857618244,198.550857618244
DZA,2022,181.619931977783,181.619931977783
DZA,2021,166.218894516626,166.218894516626
DZA,2020,155.017250238567,155.017250238567
DZA,2019,151.361667767746,151.361667767746
DZA,2018,148.463994714821,148.463994714821
DZA,2017,142.384203185789,142.384203185789
DZA,2016,134.844870195013,134.844870195013
DZA,2015,126.736646357875,126.736646357875
DZA,2014,120.94986420025,120.94986420025
DZA,2013,117.521838067973,117.521838067973
DZA,2012,113.81793046074,113.81793046074
DZA,2011,104.524211505053,104.524211505053
DZA,2010,100.0,100.0
AGO,2023,804.965533144132,804.965533144132
AGO,2022,708.32143556848,708.32143556848
AGO,2021,583.675779438661,583.675779438661
AGO,2020,464.139837113465,464.139837113465
AGO,2019,379.597607073274,379.597607073274
AGO,2018,324.2180676186,324.2180676186
AGO,2017,271.019765885988,271.019765885988
AGO,2016,208.726444198045,208.726444198045
AGO,2015,159.705710507375,159.705710507375
AGO,2014,146.042056377604,146.042056377604
AGO,2013,136.131179284704,136.131179284704
AGO,2012,125.146088077866,125.146088077866
AGO,2011,113.482467921851,113.482467921851
AGO,2010,100.0,100.0
ATG,2023,133.943906030246,133.943906030246
ATG,2022,127.484109443389,127.484109443389
ATG,2021,118.555594720979,118.555594720979
ATG,2020,116.159233923762,116.159233923762
ATG,2019,115.436612610656,115.436612610656
ATG,2018,113.807620427883,113.807620427883
ATG,2017,112.450169287899,112.450169287899
ATG,2016,109.779789209262,109.779789209262
ATG,2015,110.319735692442,110.319735692442
ATG,2014,109.261003713412,109.261003713412
ATG,2013,108.083497160332,108.083497160332
ATG,2012,106.950360419397,106.950360419397
ATG,2011,103.456749672346,103.456749672346
ATG,2010,100.0,100.0
ARM,2023,155.258355482585,155.258355482585
ARM,2022,152.243300572606,152.243300572606
ARM,2021,140.134410734876,140.134410734876
ARM,2020,130.740891696593,130.740891696593
ARM,2019,129.176007326748,129.176007326748
ARM,2018,127.33795197859,127.33795197859
ARM,2017,124.207629297981,124.207629297981
ARM,2016,123.014933984404,123.014933984404
ARM,2015,124.766161254862,124.766161254862
ARM,2014,120.277766438018,120.277766438018
ARM,2013,116.795725329982,116.795725329982
ARM,2012,110.403716898759,110.403716898759
ARM,2011,107.650008078593,107.650008078593
ARM,2010,100.0,100.0
ABW,2019,109.534355432857,109.534355432857
ABW,2018,105.061405952227,105.061405952227
ABW,2017,101.385138831048,101.385138831048
ABW,2016,102.438495220917,102.438495220917
ABW,2015,103.401364578457,103.401364578457
ABW,2014,102.91277219904,102.91277219904
ABW,2013,102.480875854163,102.480875854163
ABW,2012,104.970852972298,104.970852972298
ABW,2011,104.316297421952,104.316297421952
ABW,2010,100.0,100.0
AUS,2023,139.880332986472,139.880332986472
AUS,2022,132.466181061394,132.466181061394
AUS,2021,124.271592091571,124.271592091571
AUS,2020,120.811654526535,120.811654526535
AUS,2019,119.797086368366,119.797086368366
AUS,2018,117.89802289282,117.89802289282
AUS,2017,115.686784599376,115.686784599376
AUS,2016,113.475546305931,113.475546305931
AUS,2015,112.044745057232,112.044745057232
AUS,2014,110.379812695109,110.379812695109
AUS,2013,107.700312174818,107.700312174818
AUS,2012,105.124869927159,105.124869927159
AUS,2011,103.303850156087,103.303850156087
AUS,2010,100.0,100.0
AUT,2023,143.946494832533,143.946494832533
AUT,2022,133.513565675464,133.513565675464
AUT,2021,123.00084356117,123.00084356117
AUT,2020,119.689435836364,119.689435836364
AUT,2019,118.057980056249,118.057980056249
AUT,2018,116.277886952829,116.277886952829
AUT,2017,113.999739176771,113.999739176771
AUT,2016,111.675472068849,111.675472068849
AUT,2015,110.688581802368,110.688581802368
AUT,2014,109.70500693326,109.70500693326
AUT,2013,107.971192747618,107.971192747618
AUT,2012,105.853948467215,105.853948467215
AUT,2011,103.286579148754,103.286579148754
AUT,2010,100.0,100.0
AZE,2023,212.959661766667,212.959661766667
AZE,2022,195.761197791667,195.761197791667
AZE,2021,171.943182758333,171.943182758333
AZE,2020,161.221472575,161.221472575
AZE,2019,156.891564325,156.891564325
AZE,2018,152.9,152.9
AZE,2017,149.508333333333,149.508333333333
AZE,2016,132.383333333333,132.383333333333
AZE,2015,117.733333333333,117.733333333333
AZE,2014,113.175,113.175
AZE,2013,111.641666666667,111.641666666667
AZE,2012,109.008333333333,109.008333333333
AZE,2011,107.858333333333,107.858333333333
AZE,2010,100.0,100.0
BHS,2023,130.204684513872,130.204684513872
BHS,2022,126.347404647515,126.347404647515
BHS,2021,119.641038306054,119.641038306054
BHS,2020,116.263679982958,116.263679982958
BHS,2019,116.218911182281,116.218911182281
BHS,2018,113.393999859543,113.393999859543
BHS,2017,110.881574765532,110.881574765532
BHS,2016,109.223338388445,109.223338388445
BHS,2015,109.602977818188,109.602977818188
BHS,2014,107.600021675885,107.600021675885
BHS,2013,105.995507859611,105.995507859611
BHS,2012,105.235272691149,105.235272691149
BHS,2011,103.198781416603,103.198781416603
BHS,2010,100.0,100.0
BHR,2023,119.586099949687,119.586099949687
BHR,2022,119.496930529675,119.496930529675
BHR,2021,115.315875502436,115.315875502436
BHR,2020,116.019323149199,116.019323149199
BHR,2019,118.772111860491,118.772111860491
BHR,2018,117.589374360011,117.589374360011
BHR,2017,115.184698674791,115.184698674791
BHR,2016,113.609258293,113.609258293
BHR,2015,110.529042157059,110.529042157059
BHR,2014,108.522858827732,108.522858827732
BHR,2013,105.723765868154,105.723765868154
BHR,2012,102.346325293152,102.346325293152
BHR,2011,99.5999593025119,99.5999593025119
BHR,2010,100.0,100.0
BGD,2023,237.199569600947,237.199569600947
BGD,2022,215.864586624407,215.864586624407
BGD,2021,200.437039174984,200.437039174984
BGD,2020,189.905534708779,189.905534708779
BGD,2019,179.679821747048,179.679821747048
BGD,2018,170.164243384102,170.164243384102
BGD,2017,161.226458913586,161.226458913586
BGD,2016,152.529140322278,152.529140322278
BGD,2015,144.558850888013,144.558850888013
BGD,2014,136.126776861358,136.126776861358
BGD,2013,127.231228786487,127.231228786487
BGD,2012,118.321164250415,118.321164250415
BGD,2011,111.39516515524,111.39516515524
BGD,2010,100.0,100.0
BRB,2023,170.890071679653,170.890071679653
BRB,2022,155.64882826163,155.64882826163
BRB,2019,134.091174070188,134.091174070188
BRB,2018,128.809607088726,128.809607088726
BRB,2017,124.24507403521,124.24507403521
BRB,2016,118.712836656173,118.712836656173
BRB,2015,117.210285040264,117.210285040264
BRB,2014,118.52926677929,118.52926677929
BRB,2013,116.468355477784,116.468355477784
BRB,2012,114.393144456103,114.393144456103
BRB,2011,109.432202401772,109.432202401772
BRB,2010,100.0,100.0
BLR,2023,710.463188170058,710.463188170058
BLR,2022,676.627747581603,676.627747581603
BLR,2021,587.301149813956,587.301149813956
BLR,2020,536.542688278354,536.542688278354
BLR,2019,508.339294380209,508.339294380209
BLR,2018,481.390313879142,481.390313879142
BLR,2017,459.025218055968,459.025218055968
BLR,2016,432.912632614287,432.912632614287
BLR,2015,387.093945157894,387.093945157894
BLR,2014,340.948328529255,340.948328529255
BLR,2013,288.646812458566,288.646812458566
BLR,2012,243.97032896394,243.97032896394
BLR,2011,153.228698311817,153.228698311817
BLR,2010,100.0,100.0
BEL,2023,137.819385631235,137.819385631235
BEL,2022,132.456219048303,132.456219048303
BEL,2021,120.856958300438,120.856958300438
BEL,2020,117.978001866073,117.978001866073
BEL,2019,117.110457187971,117.110457187971
BEL,2018,115.451625636977,115.451625636977
BEL,2017,113.128902605325,113.128902605325
BEL,2016,110.773882150291,110.773882150291
BEL,2015,108.629692097897,108.629692097897
BEL,2014,108.02321825881,108.02321825881
BEL,2013,107.657180793799,107.657180793799
BEL,2012,106.47204478576,106.47204478576
BEL,2011,103.532082107227,103.532082107227
BEL,2010,100.0,100.0
BLZ,2023,121.734880395108,121.734880395108
BLZ,2022,116.61564017262,116.61564017262
BLZ,2021,109.728123082433,109.728123082433
BLZ,2020,106.288997389243,106.288997389243
BLZ,2019,106.160082270615,106.160082270615
BLZ,2018,105.961860070454,105.961860070454
BLZ,2017,105.676551744532,105.676551744532
BLZ,2016,104.477512032706,104.477512032706
BLZ,2015,103.788947954679,103.788947954679
BLZ,2014,104.690948425632,104.690948425632
BLZ,2013,103.448123042833,103.448123042833
BLZ,2012,102.923472935782,102.923472935782
BLZ,2011,101.602056156402,101.602056156402
BLZ,2010,100.0,100.0
BEN,2023,120.823695911462,120.823695911462
BEN,2022,117.611691618775,117.611691618775
BEN,2021,116.04419147224,116.04419147224
BEN,2020,114.066798322144,114.066798322144
BEN,2019,110.720040198148,110.720040198148
BEN,2018,109.914532239727,109.914532239727
BEN,2017,108.913431866169,108.913431866169
BEN,2016,108.86633100536,108.86633100536
BEN,2015,109.736884846516,109.736884846516
BEN,2014,109.497320123437,109.497320123437
BEN,2013,110.101510475881,110.101510475881
BEN,2012,109.6313139516,109.6313139516
BEN,2011,102.704239077473,102.704239077473
BEN,2010,100.0,100.0
BTN,2023,212.180694578194,212.180694578194
BTN,2022,203.570977260005,203.570977260005
BTN,2021,192.704073301911,192.704073301911
BTN,2020,179.515409348127,179.515409348127
BTN,2019,169.948393577383,169.948393577383
BTN,2018,165.437845896943,165.437845896943
BTN,2017,161.05087817625,161.05087817625
BTN,2016,153.447429647958,153.447429647958
BTN,2015,148.660722526853,148.660722526853
BTN,2014,142.193554958547,142.193554958547
BTN,2013,131.3310812,131.3310812
BTN,2012,120.734921525617,120.734921525617
BTN,2011,108.848985699468,108.848985699468
BTN,2010,100.0,100.0
BOL,2023,157.40476617273,157.40476617273
BOL,2022,153.450518176398,153.450518176398
BOL,2021,150.816761737338,150.816761737338
BOL,2020,149.712803892505,149.712803892505
BOL,2019,148.317518475358,148.317518475358
BOL,2018,145.638433874571,145.638433874571
BOL,2017,142.402953510878,142.402953510878
BOL,2016,138.493613869075,138.493613869075
BOL,2015,133.651146397123,133.651146397123
BOL,2014,128.437100493447,128.437100493447
BOL,2013,121.434460016488,121.434460016488
BOL,2012,114.846410265601,114.846410265601
BOL,2011,109.884464198239,109.884464198239
BOL,2010,100.0,100.0
BIH,2012,105.799283333333,105.799283333333
BIH,2011,103.67125,103.67125
BIH,2010,100.0,100.0
BWA,2023,191.981583240697,191.981583240697
BWA,2022,182.721938000665,182.721938000665
BWA,2021,163.633196988276,163.633196988276
BWA,2020,152.584581533137,152.584581533137
BWA,2019,149.753698758867,149.753698758867
BWA,2018,145.713267399351,145.713267399351
BWA,2017,141.143033956383,141.143033956383
BWA,2016,136.623156350634,136.623156350634
BWA,2015,132.882567987256,132.882567987256
BWA,2014,128.934551163777,128.934551163777
BWA,2013,123.497862684651,123.497862684651
BWA,2012,116.634387283833,116.634387283833
BWA,2011,108.459872334086,108.459872334086
BWA,2010,100.0,100.0
BRA,2023,213.87513528772,213.87513528772
BRA,2022,204.482120615775,204.482120615775
BRA,2021,187.117425058296,187.117425058296
BRA,2020,172.774291252888,172.774291252888
BRA,2019,167.397860280061,167.397860280061
BRA,2018,161.373814183906,161.373814183906
BRA,2017,155.668786230018,155.668786230018
BRA,2016,150.482594206408,150.482594206408
BRA,2015,138.388614560102,138.388614560102
BRA,2014,126.927212865611,126.927212865611
BRA,2013,119.372104441451,119.372104441451
BRA,2012,112.398549260784,112.398549260784
BRA,2011,106.636449622131,106.636449622131
BRA,2010,100.0,100.0
BRN,2023,106.859907015157,106.859907015157
BRN,2022,106.479705986051,106.479705986051
BRN,2021,102.69810471103,102.69810471103
BRN,2020,100.948253665821,100.948253665821
BRN,2019,99.0268165721066,99.0268165721066
BRN,2018,99.4150542992179,99.4150542992179
BRN,2017,98.4063383634936,98.4063383634936
BRN,2016,99.6625909496525,99.6625909496525
BRN,2015,99.9411201211483,99.9411201211483
BRN,2014,100.431575127898,100.431575127898
BRN,2013,100.640009374917,100.640009374917
BRN,2012,100.249831963168,100.249831963168
BRN,2011,100.137911563169,100.137911563169
BRN,2010,100.0,100.0
BGR,2023,151.670713970091,151.670713970091
BGR,2022,138.584408106261,138.584408106261
BGR,2021,120.168304321485,120.168304321485
BGR,2020,116.331973243132,116.331973243132
BGR,2019,114.418393160353,114.418393160353
BGR,2018,110.974058623258,110.974058623258
BGR,2017,107.936147464138,107.936147464138
BGR,2016,105.755888099687,105.755888099687
BGR,2015,106.607307237894,106.607307237894
BGR,2014,106.718970777133,106.718970777133
BGR,2013,108.254214513041,108.254214513041
BGR,2012,107.299151694355,107.299151694355
BGR,2011,104.219903466019,104.219903466019
BGR,2010,100.0,100.0
BFA,2023,131.759116014267,131.759116014267
BFA,2022,130.787482169834,130.787482169834
BFA,2021,114.434519867232,114.434519867232
BFA,2020,110.40098363882,110.40098363882
BFA,2019,108.359022934412,108.359022934412
BFA,2018,111.979764709293,111.979764709293
BFA,2017,109.831522699898,109.831522699898
BFA,2016,108.226524455215,108.226524455215
BFA,2015,107.751296576491,107.751296576491
BFA,2014,106.975893599335,106.975893599335
BFA,2013,107.252701579385,107.252701579385
BFA,2012,106.683291770574,106.683291770574
BFA,2011,102.759767248545,102.759767248545
BFA,2010,100.0,100.0
BDI,2023,319.517907407394,319.517907407394
BDI,2022,251.704878819603,251.704878819603
BDI,2021,211.871226580912,211.871226580912
BDI,2020,195.44497823506,195.44497823506
BDI,2019,182.112339994344,182.112339994344
BDI,2018,183.371685700859,183.371685700859
BDI,2017,188.682529221908,188.682529221908
BDI,2016,162.583720148134,162.583720148134
BDI,2015,154.023568290146,154.023568290146
BDI,2014,145.932087987576,145.932087987576
BDI,2013,139.774527564212,139.774527564212
BDI,2012,129.495248990341,129.495248990341
BDI,2011,109.592166059797,109.592166059797
BDI,2010,100.0,100.0
CPV,2022,122.222274152969,122.222274152969
CPV,2021,113.241195084123,113.241195084123
CPV,2020,111.171020616435,111.171020616435
CPV,2019,110.501606515952,110.501606515952
CPV,2018,109.292107113842,109.292107113842
CPV,2017,107.935364262011,107.935364262011
CPV,2016,107.095292454784,107.095292454784
CPV,2015,108.624526319136,108.624526319136
CPV,2014,108.48221067765,108.48221067765
CPV,2013,108.741862479707,108.741862479707
CPV,2012,107.127934238569,107.127934238569
CPV,2011,104.47388342165,104.47388342165
CPV,2010,100.0,100.0
KHM,2023,148.306623905508,148.306623905508
KHM,2022,145.217175025789,145.217175025789
KHM,2021,137.850836238126,137.850836238126
KHM,2020,133.938838017668,133.938838017668
KHM,2019,130.113128034144,130.113128034144
KHM,2018,127.633746767247,127.633746767247
KHM,2017,124.570453245464,124.570453245464
KHM,2016,121.044857661075,121.044857661075
KHM,2015,117.497445574856,117.497445574856
KHM,2014,116.076745197925,116.076745197925
KHM,2013,111.767344424509,111.767344424509
KHM,2012,108.573518555638,108.573518555638
KHM,2011,105.478447496174,105.478447496174
KHM,2010,100.0,100.0
CMR,2023,141.818332882446,141.818332882446
CMR,2022,132.067998413642,132.067998413642
CMR,2021,124.302010149149,124.302010149149
CMR,2020,121.540776745136,121.540776745136
CMR,2019,118.648588290011,118.648588290011
CMR,2018,115.808046057299,115.808046057299
CMR,2017,114.583313019794,114.583313019794
CMR,2016,113.854180430792,113.854180430792
CMR,2015,112.867503568736,112.867503568736
CMR,2014,109.925634907972,109.925634907972
CMR,2013,107.923758722329,107.923758722329
CMR,2012,105.755405742962,105.755405742962
CMR,2011,102.939699463051,102.939699463051
CMR,2010,100.0,100.0
CAN,2023,134.895535203205,134.895535203205
CAN,2022,129.858328563251,129.858328563251
CAN,2021,121.587006296508,121.587006296508
CAN,2020,117.594447624499,117.594447624499
CAN,2019,116.757298225529,116.757298225529
CAN,2018,114.524899828277,114.524899828277
CAN,2017,111.984831139096,111.984831139096
CAN,2016,110.224670864339,110.224670864339
CAN,2015,108.672009158557,108.672009158557
CAN,2014,107.462793360046,107.462793360046
CAN,2013,105.452203777905,105.452203777905
CAN,2012,104.471951917573,104.471951917573
CAN,2011,102.912135088724,102.912135088724
CAN,2010,100.0,100.0
CYM,2016,102.941899128965,102.941899128965
CYM,2015,103.589601772708,103.589601772708
CYM,2014,106.079855772852,106.079855772852
CYM,2013,104.745420985232,104.745420985232
CYM,2012,102.530142958183,102.530142958183
CYM,2011,101.325435757797,101.325435757797
CYM,2010,100.0,100.0
CAF,2023,175.005796934209,175.005796934209
CAF,2022,169.942960718886,169.942960718886
CAF,2021,160.95649049113,160.95649049113
CAF,2020,154.380847959423,154.380847959423
CAF,2019,151.785085312376,151.785085312376
CAF,2018,147.815682079127,147.815682079127
CAF,2017,145.470469904858,145.470469904858
CAF,2016,139.632808518549,139.632808518549
CAF,2015,133.052773088714,133.052773088714
CAF,2014,131.211909142167,131.211909142167
CAF,2013,114.197921480885,114.197921480885
CAF,2012,106.73820858312,106.73820858312
CAF,2011,101.194475724499,101.194475724499
CAF,2010,100.0,100.0
TCD,2023,143.049515597449,143.049515597449
TCD,2022,129.063711291026,129.063711291026
TCD,2021,122.00219164626,122.00219164626
TCD,2020,122.952422521941,122.952422521941
TCD,2019,117.698204738763,117.698204738763
TCD,2018,118.853387371944,118.853387371944
TCD,2017,113.981125136835,113.981125136835
TCD,2016,115.760479031492,115.760479031492
TCD,2015,116.685139362731,116.685139362731
TCD,2014,111.791867727178,111.791867727178
TCD,2013,109.942661688985,109.942661688985
TCD,2012,109.698394557456,109.698394557456
TCD,2011,102.029240536783,102.029240536783
TCD,2010,100.0,100.0
CHL,2023,170.651472801548,170.651472801548
CHL,2022,158.625026875941,158.625026875941
CHL,2021,142.081272844549,142.081272844549
CHL,2020,135.930982584391,135.930982584391
CHL,2019,131.913566974844,131.913566974844
CHL,2018,128.623951838314,128.623951838314
CHL,2017,125.566544829069,125.566544829069
CHL,2016,122.884325951408,122.884325951408
CHL,2015,118.401419049667,118.401419049667
CHL,2014,113.466996344872,113.466996344872
CHL,2013,108.354117394109,108.354117394109
CHL,2012,106.449150720275,106.449150720275
CHL,2011,103.341216942593,103.341216942593
CHL,2010,100.0,100.0
CHN,2023,132.229151902431,132.229151902431
CHN,2022,131.919356668535,131.919356668535
CHN,2021,129.366216637457,129.366216637457
CHN,2020,128.109443605623,128.109443605623
CHN,2019,125.083154382075,125.083154382075
CHN,2018,121.558877866113,121.558877866113
CHN,2017,119.088050428682,119.088050428682
CHN,2016,117.220567369674,117.220567369674
CHN,2015,114.922122819495,114.922122819495
CHN,2014,113.294060199837,113.294060199837
CHN,2013,111.158001765192,111.158001765192
CHN,2012,108.318908982374,108.318908982374
CHN,2011,105.553898922575,105.553898922575
CHN,2010,100.0,100.0
COL,2023,184.119324369034,184.119324369034
COL,2022,164.780806314133,164.780806314133
COL,2021,149.559763199866,149.559763199866
COL,2020,144.509087395731,144.509087395731
COL,2019,140.94784969246,140.94784969246
COL,2018,136.151216036968,136.151216036968
COL,2017,131.877630006754,131.877630006754
COL,2016,126.423331457792,126.423331457792
COL,2015,117.588375602645,117.588375602645
COL,2014,111.999775887943,111.999775887943
COL,2013,108.844548877365,108.844548877365
COL,2012,106.692568055712,106.692568055712
COL,2011,103.415033447762,103.415033447762
COL,2010,100.0,100.0
COM,2013,103.623545846485,103.623545846485
COM,2012,108.273766971696,108.273766971696
COM,2011,101.842663007562,101.842663007562
COM,2010,100.0,100.0
COD,2016,133.850926577035,133.850926577035
COD,2015,130.096534344839,130.096534344839
COD,2014,129.135509183589,129.135509183589
COD,2013,127.550012909223,127.550012909223
COD,2012,126.527389319038,126.527389319038
COD,2011,115.316515913949,115.316515913949
COD,2010,100.0,100.0
COG,2023,138.814612802413,138.814612802413
COG,2022,133.089443475834,133.089443475834
COG,2021,129.158575405592,129.158575405592
COG,2020,126.980051354846,126.980051354846
COG,2019,124.740496075729,124.740496075729
COG,2018,122.048027425109,122.048027425109
COG,2017,120.657117555654,120.657117555654
COG,2016,120.116516568787,120.116516568787
COG,2015,116.402619073639,116.402619073639
COG,2014,112.827020267541,112.827020267541
COG,2013,111.807182739123,111.807182739123
COG,2012,106.85793338822,106.85793338822
COG,2011,101.759587042738,101.759587042738
COG,2010,100.0,100.0
CRI,2023,143.695505220117,143.695505220117
CRI,2022,142.944768574546,142.944768574546
CRI,2021,132.020379357515,132.020379357515
CRI,2020,129.77976091938,129.77976091938
CRI,2019,128.845743336848,128.845743336848
CRI,2018,126.20052189975,126.20052189975
CRI,2017,123.458369999913,123.458369999913
CRI,2016,121.483166772673,121.483166772673
CRI,2015,121.50440434597,121.50440434597
CRI,2014,120.53771357375,120.53771357375
CRI,2013,115.325904176069,115.325904176069
CRI,2012,109.592739581609,109.592739581609
CRI,2011,104.877998309707,104.877998309707
CRI,2010,100.0,100.0
CIV,2023,130.764985523184,130.764985523184
CIV,2022,125.269275743533,125.269275743533
CIV,2021,118.991105987766,118.991105987766
CIV,2020,114.313454421135,114.313454421135
CIV,2019,111.606977877028,111.606977877028
CIV,2018,112.856141244189,112.856141244189
CIV,2017,112.451978676858,112.451978676858
CIV,2016,111.685945921178,111.685945921178
CIV,2015,110.884056313105,110.884056313105
CIV,2014,109.513495413212,109.513495413212
CIV,2013,109.024322817415,109.024322817415
CIV,2012,106.281028400716,106.281028400716
CIV,2011,104.912433950525,104.912433950525
CIV,2010,100.0,100.0
HRV,2023,134.878310665712,134.878310665712
HRV,2022,124.955261274159,124.955261274159
HRV,2021,112.795275590551,112.795275590551
HRV,2020,109.985683607731,109.985683607731
HRV,2019,109.815676449535,109.815676449535
HRV,2018,108.974588403722,108.974588403722
HRV,2017,107.363994273443,107.363994273443
HRV,2016,106.164996420902,106.164996420902
HRV,2015,107.372942018611,107.372942018611
HRV,2014,107.874015748031,107.874015748031
HRV,2013,108.106657122405,108.106657122405
HRV,2012,105.762347888332,105.762347888332
HRV,2011,102.272727272727,102.272727272727
HRV,2010,100.0,100.0
CUW,2019,115.533202128435,115.533202128435
CUW,2018,112.58109191632,112.58109191632
CUW,2017,109.745608280487,109.745608280487
CUW,2016,108.032655441358,108.032655441358
CUW,2015,108.083679568482,108.083679568482
CUW,2014,108.601210000729,108.601210000729
CUW,2013,106.997594576864,106.997594576864
CUW,2012,105.590786500474,105.590786500474
CUW,2011,102.332531525622,102.332531525622
CUW,2010,100.0,100.0
CYP,2023,117.114122395083,117.114122395083
CYP,2022,113.108561527348,113.108561527348
CYP,2021,104.348039621067,104.348039621067
CYP,2020,101.856538374448,101.856538374448
CYP,2019,102.510991917283,102.510991917283
CYP,2018,102.254975116847,102.254975116847
CYP,2017,100.807886777964,100.807886777964
CYP,2016,100.274659733349,100.274659733349
CYP,2015,101.728529974231,101.728529974231
CYP,2014,103.907467160884,103.907467160884
CYP,2013,105.334741163527,105.334741163527
CYP,2012,105.757090221733,105.757090221733
CYP,2011,103.289449395642,103.289449395642
CYP,2010,100.0,100.0
CZE,2023,158.923132055187,158.923132055187
CZE,2022,143.612255868124,143.612255868124
CZE,2021,124.771546317864,124.771546317864
CZE,2020,120.157677835513,120.157677835513
CZE,2019,116.47554201756,116.47554201756
CZE,2018,113.250313563877,113.250313563877
CZE,2017,110.867228095323,110.867228095323
CZE,2016,108.215373588963,108.215373588963
CZE,2015,107.480738218957,107.480738218957
CZE,2014,107.149256405662,107.149256405662
CZE,2013,106.781938720659,106.781938720659
CZE,2012,105.267873141014,105.267873141014
CZE,2011,101.917219136355,101.917219136355
CZE,2010,100.0,100.0
DNK,2023,125.569145611999,125.569145611999
DNK,2022,121.55164717436,121.55164717436
DNK,2021,112.864922774752,112.864922774752
DNK,2020,110.811534684403,110.811534684403
DNK,2019,110.347290420498,110.347290420498
DNK,2018,109.517007410053,109.517007410053
DNK,2017,108.633157753772,108.633157753772
DNK,2016,107.401124899563,107.401124899563
DNK,2015,107.133291670387,107.133291670387
DNK,2014,106.65119185787,106.65119185787
DNK,2013,106.053030979377,106.053030979377
DNK,2012,105.222747968931,105.222747968931
DNK,2011,102.758682260513,102.758682260513
DNK,2010,100.0,100.0
DJI,2023,132.196520309031,132.196520309031
DJI,2022,130.249205896313,130.249205896313
DJI,2021,123.834800404194,123.834800404194
DJI,2020,122.388271692977,122.388271692977
DJI,2019,120.250922373372,120.250922373372
DJI,2018,116.387718683166,116.387718683166
DJI,2017,116.215753245397,116.215753245397
DJI,2016,115.55924715987,115.55924715987
DJI,2015,112.479105732701,112.479105732701
DJI,2014,113.440387934233,113.440387934233
DJI,2013,111.938326769089,111.938326769089
DJI,2012,108.98904779208,108.98904779208
DJI,2011,105.06871394778,105.06871394778
DJI,2010,100.0,100.0
DMA,2023,118.468013885024,118.468013885024
DMA,2022,114.482690539567,114.482690539567
DMA,2021,106.218256661718,106.218256661718
DMA,2020,104.665858458043,104.665858458043
DMA,2019,105.43247529016,105.43247529016
DMA,2018,103.869628411641,103.869628411641
DMA,2017,102.85222335235,102.85222335235
DMA,2016,102.548420693137,102.548420693137
DMA,2015,102.403196345051,102.403196345051
DMA,2014,103.274655758634,103.274655758634
DMA,2013,102.45577757453,102.45577757453
DMA,2012,102.503351067868,102.503351067868
DMA,2011,101.131231365265,101.131231365265
DMA,2010,100.0,100.0
DOM,2023,169.2906134919,169.2906134919
DOM,2022,161.559024136759,161.559024136759
DOM,2021,148.476613026712,148.476613026712
DOM,2020,137.169709129879,137.169709129879
DOM,2019,132.172234898705,132.172234898705
DOM,2018,129.821678689518,129.821678689518
DOM,2017,125.353534364345,125.353534364345
DOM,2016,121.373036513831,121.373036513831
DOM,2015,119.444995914537,119.444995914537
DOM,2014,118.45383775457,118.45383775457
DOM,2013,115.005241966313,115.005241966313
DOM,2012,109.705426598742,109.705426598742
DOM,2011,105.796768092065,105.796768092065
DOM,2010,100.0,100.0
ECU,2023,131.021069370666,131.021069370666
ECU,2022,128.180979253477,128.180979253477
ECU,2021,123.886850743311,123.886850743311
ECU,2020,123.721989477427,123.721989477427
ECU,2019,124.142674729473,124.142674729473
ECU,2018,123.813315813595,123.813315813595
ECU,2017,124.09140868848,124.09140868848
ECU,2016,123.575683382786,123.575683382786
ECU,2015,121.476252276892,121.476252276892
ECU,2014,116.841560903266,116.841560903266
ECU,2013,112.793165848571,112.793165848571
ECU,2012,109.804532676033,109.804532676033
ECU,2011,104.474532657958,104.474532657958
ECU,2010,100.0,100.0
EGY,2023,486.342894474661,486.342894474661
EGY,2022,363.254813484487,363.254813484487
EGY,2021,318.936481308266,318.936481308266
EGY,2020,303.131077181708,303.131077181708
EGY,2019,288.572774376263,288.572774376263
EGY,2018,264.375055382559,264.375055382559
EGY,2017,231.094115427901,231.094115427901
EGY,2016,178.441948479442,178.441948479442
EGY,2015,156.784372636979,156.784372636979
EGY,2014,142.052800661666,142.052800661666
EGY,2013,129.056530012879,129.056530012879
EGY,2012,117.892445724817,117.892445724817
EGY,2011,110.064925987482,110.064925987482
EGY,2010,100.0,100.0
SLV,2023,127.883032020654,127.883032020654
SLV,2022,122.910624989713,122.910624989713
SLV,2021,114.656913864201,114.656913864201
SLV,2020,110.815038640419,110.815038640419
SLV,2019,111.228352310936,111.228352310936
SLV,2018,111.144633577093,111.144633577093
SLV,2017,109.945860865916,109.945860865916
SLV,2016,108.843974500215,108.843974500215
SLV,2015,108.19045106832,108.19045106832
SLV,2014,108.987569242944,108.987569242944
SLV,2013,107.75768266948,107.75768266948
SLV,2012,106.947375362701,106.947375362701
SLV,2011,105.128923766816,105.128923766816
SLV,2010,100.0,100.0
GNQ,2022,136.377245508982,136.377245508982
GNQ,2021,130.14745508982,130.14745508982
GNQ,2020,130.273952095808,130.273952095808
GNQ,2019,124.346722780622,124.346722780622
GNQ,2018,122.472555526802,122.472555526802
GNQ,2017,121.187874251497,121.187874251497
GNQ,2016,120.292471529847,120.292471529847
GNQ,2015,118.617662311179,118.617662311179
GNQ,2014,116.661676646707,116.661676646707
GNQ,2013,111.84131736527,111.84131736527
GNQ,2012,108.637724550898,108.637724550898
GNQ,2011,104.805389221557,104.805389221557
GNQ,2010,100.0,100.0
EST,2023,165.860163840732,165.860163840732
EST,2022,151.94333206325,151.94333206325
EST,2021,127.257572871023,127.257572871023
EST,2020,121.599352257573,121.599352257573
EST,2019,122.14231282149,122.14231282149
EST,2018,119.422747189941,119.422747189941
EST,2017,115.455324823776,115.455324823776
EST,2016,111.640312440465,111.640312440465
EST,2015,111.474566584111,111.474566584111
EST,2014,112.026100209564,112.026100209564
EST,2013,112.145170508668,112.145170508668
EST,2012,109.111259287483,109.111259287483
EST,2011,104.981901314536,104.981901314536
EST,2010,100.0,100.0
SWZ,2019,166.821866435163,166.821866435163
SWZ,2018,162.597555594944,162.597555594944
SWZ,2017,155.128044574078,155.128044574078
SWZ,2016,146.042210573467,146.042210573467
SWZ,2015,135.415763752502,135.415763752502
SWZ,2014,129.027305806354,129.027305806354
SWZ,2013,122.090896076668,122.090896076668
SWZ,2012,115.593056390898,115.593056390898
SWZ,2011,106.107427145903,106.107427145903
SWZ,2010,100.0,100.0
ETH,2023,858.423451765946,858.423451765946
ETH,2022,659.216079717136,659.216079717136
ETH,2021,492.356913864236,492.356913864236
ETH,2020,388.173106848802,388.173106848802
ETH,2019,322.519847925871,322.519847925871
ETH,2018,278.49138441874,278.49138441874
ETH,2017,244.649000887414,244.649000887414
ETH,2016,221.027534076201,221.027534076201
ETH,2015,207.288195981494,207.288195981494
ETH,2014,189.185249477272,189.185249477272
ETH,2013,176.99056500687,176.99056500687
ETH,2012,164.697506969423,164.697506969423
ETH,2011,133.249959882334,133.249959882334
ETH,2010,100.0,100.0
FJI,2022,134.898622800306,134.898622800306
FJI,2021,129.064651874522,129.064651874522
FJI,2020,128.863810252487,128.863810252487
FJI,2019,132.297245600612,132.297245600612
FJI,2018,129.992348890589,129.992348890589
FJI,2017,124.894797245601,124.894797245601
FJI,2016,120.849273144606,120.849273144606
FJI,2015,116.354246365723,116.354246365723
FJI,2014,114.776205049732,114.776205049732
FJI,2013,114.18324407039,114.18324407039
FJI,2012,110.9506503443,110.9506503443
FJI,2011,107.278117827085,107.278117827085
FJI,2010,100.0,100.0
FIN,2023,131.040820253141,131.040820253141
FIN,2022,123.331790076698,123.331790076698
FIN,2021,115.130462665656,115.130462665656
FIN,2020,112.658096995756,112.658096995756
FIN,2019,112.331712088838,112.331712088838
FIN,2018,111.192991413593,111.192991413593
FIN,2017,110.000779878603,110.000779878603
FIN,2016,109.177564613377,109.177564613377
FIN,2015,108.789529224042,108.789529224042
FIN,2014,109.016205355146,109.016205355146
FIN,2013,107.892829303649,107.892829303649
FIN,2012,106.321099212145,106.321099212145
FIN,2011,103.416807542552,103.416807542552
FIN,2010,100.0,100.0
FRA,2023,124.027345193475,124.027345193475
FRA,2022,118.258283622798,118.258283622798
FRA,2021,112.388921149413,112.388921149413
FRA,2020,110.572946910908,110.572946910908
FRA,2019,110.04856675289,110.04856675289
FRA,2018,108.842316422953,108.842316422953
FRA,2017,106.864453008147,106.864453008147
FRA,2016,105.772580900596,105.772580900596
FRA,2015,105.579017755019,105.579017755019
FRA,2014,105.539425293424,105.539425293424
FRA,2013,105.006246810607,105.006246810607
FRA,2012,104.107058016154,104.107058016154
FRA,2011,102.11159795175,102.11159795175
FRA,2010,100.0,100.0
GAB,2023,135.70604334892,135.70604334892
GAB,2022,130.953713012953,130.953713012953
GAB,2021,125.637671569116,125.637671569116
GAB,2020,124.286789179276,124.286789179276
GAB,2019,122.627926286455,122.627926286455
GAB,2018,119.678371953152,119.678371953152
GAB,2017,114.252447232406,114.252447232406
GAB,2016,111.300831725277,111.300831725277
GAB,2015,109.004427677729,109.004427677729
GAB,2014,109.374984864148,109.374984864148
GAB,2013,104.474645977231,104.474645977231
GAB,2012,103.94924381854,103.94924381854
GAB,2011,101.263317078374,101.263317078374
GAB,2010,100.0,100.0
GMB,2023,256.267499051756,256.267499051756
GMB,2022,219.080336221032,219.080336221032
GMB,2021,196.461489499352,196.461489499352
GMB,2020,182.975555086968,182.975555086968
GMB,2019,172.730435584882,172.730435584882
GMB,2018,161.255981964361,161.255981964361
GMB,2017,151.384262300215,151.384262300215
GMB,2016,140.126253232327,140.126253232327
GMB,2015,130.679689360556,130.679689360556
GMB,2014,122.349573755068,122.349573755068
GMB,2013,115.48077783219,115.48077783219
GMB,2012,109.254236951057,109.254236951057
GMB,2011,104.795882661831,104.795882661831
GMB,2010,100.0,100.0
GEO,2023,176.623016666667,176.623016666667
GEO,2022,172.335716666667,172.335716666667
GEO,2021,154.011208333333,154.011208333333
GEO,2020,140.563608333333,140.563608333333
GEO,2019,133.612466666667,133.612466666667
GEO,2018,127.428491666667,127.428491666667
GEO,2017,124.180858333333,124.180858333333
GEO,2016,117.112733333333,117.112733333333
GEO,2015,114.664725,114.664725
GEO,2014,110.25075,110.25075
GEO,2013,106.9681,106.9681
GEO,2012,107.518658333333,107.518658333333
GEO,2011,108.542933333333,108.542933333333
GEO,2010,100.0,100.0
DEU,2023,131.892448207044,131.892448207044
DEU,2022,124.489744387368,124.489744387368
DEU,2021,116.484275880086,116.484275880086
DEU,2020,113.018378926344,113.018378926344
DEU,2019,112.854877121191,112.854877121191
DEU,2018,111.246629356349,111.246629356349
DEU,2017,109.35246016194,109.35246016194
DEU,2016,107.72633665683,107.72633665683
DEU,2015,107.199187857464,107.199187857464
DEU,2014,106.650549555164,106.650549555164
DEU,2013,105.692139574571,105.692139574571
DEU,2012,104.1253413002,104.1253413002
DEU,2011,102.075172837359,102.075172837359
DEU,2010,100.0,100.0
GHA,2023,609.972588583069,609.972588583069
GHA,2022,441.666780384402,441.666780384402
GHA,2021,336.492909542398,336.492909542398
GHA,2020,305.983066637367,305.983066637367
GHA,2019,278.45173709811,278.45173709811
GHA,2018,259.886388974227,259.886388974227
GHA,2017,241.062392815469,241.062392815469
GHA,2016,214.521910357024,214.521910357024
GHA,2015,182.642354549914,182.642354549914
GHA,2014,155.904739308264,155.904739308264
GHA,2013,134.994594893508,134.994594893508
GHA,2012,120.891195539437,120.891195539437
GHA,2011,108.72845937093,108.72845937093
GHA,2010,100.0,100.0
GRC,2023,115.61014338928,115.61014338928
GRC,2022,111.738622172264,111.738622172264
GRC,2021,101.909213734394,101.909213734394
GRC,2020,100.677102178392,100.677102178392
GRC,2019,101.949414101629,101.949414101629
GRC,2018,101.692125375109,101.692125375109
GRC,2017,101.05987316816,101.05987316816
GRC,2016,99.9392992576633,99.9392992576633
GRC,2015,100.771321684226,100.771321684226
GRC,2014,102.551500931586,102.551500931586
GRC,2013,103.915138732922,103.915138732922
GRC,2012,104.881378839373,104.881378839373
GRC,2011,103.329853233506,103.329853233506
GRC,2010,100.0,100.0
GRD,2023,114.381235918893,114.381235918893
GRD,2022,111.378339233988,111.378339233988
GRD,2021,108.57648052784,108.57648052784
GRD,2020,107.268330431284,107.268330431284
GRD,2019,108.068831493402,108.068831493402
GRD,2018,107.426261562601,107.426261562601
GRD,2017,106.569335074026,106.569335074026
GRD,2016,105.609913099453,105.609913099453
GRD,2015,103.895236562601,103.895236562601
GRD,2014,104.433537174123,104.433537174123
GRD,2013,105.47095268748,105.47095268748
GRD,2012,105.51738010943,105.51738010943
GRD,2011,103.033472803347,103.033472803347
GRD,2010,100.0,100.0
GTM,2023,174.59367205225,174.59367205225
GTM,2022,164.390642043944,164.390642043944
GTM,2021,153.80123012521,153.80123012521
GTM,2020,147.515518254925,147.515518254925
GTM,2019,142.921394880398,142.921394880398
GTM,2018,137.822002853775,137.822002853775
GTM,2017,132.838100804773,132.838100804773
GTM,2016,127.209662777719,127.209662777719
GTM,2015,121.791824121623,121.791824121623
GTM,2014,118.950430995714,118.950430995714
GTM,2013,115.018676610491,115.018676610491
GTM,2012,110.230937685245,110.230937685245
GTM,2011,106.214123930671,106.214123930671
GTM,2010,100.0,100.0
GIN,2023,389.954566905293,389.954566905293
GIN,2022,361.722233672476,361.722233672476
GIN,2021,327.371054687123,327.371054687123
GIN,2020,290.745061231669,290.745061231669
GIN,2019,262.875950950144,262.875950950144
GIN,2018,240.135129253703,240.135129253703
GIN,2017,218.647309106389,218.647309106389
GIN,2016,200.751590655302,200.751590655302
GIN,2015,185.584371739381,185.584371739381
GIN,2014,166.026332763198,166.026332763198
GIN,2013,156.406539824067,156.406539824067
GIN,2012,139.788998934856,139.788998934856
GIN,2011,121.316926854258,121.316926854258
GIN,2010,100.0,100.0
GNB,2022,127.508994091945,127.508994091945
GNB,2021,116.559575493745,116.559575493745
GNB,2020,114.003069434827,114.003069434827
GNB,2019,112.718072816065,112.718072816065
GNB,2018,112.440793517742,112.440793517742
GNB,2017,112.013657770165,112.013657770165
GNB,2016,110.150880134116,110.150880134116
GNB,2015,108.519698239732,108.519698239732
GNB,2014,106.940486169321,106.940486169321
GNB,2013,108.579212070411,108.579212070411
GNB,2012,107.284157585918,107.284157585918
GNB,2011,105.046102263202,105.046102263202
GNB,2010,100.0,100.0
GUY,2023,134.478057859335,134.478057859335
GUY,2022,130.788382420166,130.788382420166
GUY,2021,123.251485665774,123.251485665774
GUY,2020,117.345648454536,117.345648454536
GUY,2019,116.191475510903,116.191475510903
GUY,2018,113.815875399987,113.815875399987
GUY,2017,112.374289819108,112.374289819108
GUY,2016,110.27395023836,110.27395023836
GUY,2015,109.359694377327,109.359694377327
GUY,2014,110.466272954109,110.466272954109
GUY,2013,109.53236659187,109.53236659187
GUY,2012,107.488735061712,107.488735061712
GUY,2011,104.97773563707,104.97773563707
GUY,2010,100.0,100.0
HTI,2023,559.741538412178,559.741538412178
HTI,2022,409.127368142819,409.127368142819
HTI,2021,305.355546890834,305.355546890834
HTI,2020,261.341632995889,261.341632995889
HTI,2019,212.825312171362,212.825312171362
HTI,2018,179.291095505561,179.291095505561
HTI,2017,159.396200425506,159.396200425506
HTI,2016,144.015244532932,144.015244532932
HTI,2015,129.158286450508,129.158286450508
HTI,2014,121.011954452908,121.011954452908
HTI,2013,116.989655202756,116.989655202756
HTI,2012,111.668618669326,111.668618669326
HTI,2011,106.33279483849,106.33279483849
HTI,2010,100.0,100.0
HND,2023,189.116778929842,189.116778929842
HND,2022,177.302656474684,177.302656474684
HND,2021,162.529327177779,162.529327177779
HND,2020,155.558919246197,155.558919246197
HND,2019,150.34435782941,150.34435782941
HND,2018,144.055097252706,144.055097252706
HND,2017,138.053432225838,138.053432225838
HND,2016,132.827518353137,132.827518353137
HND,2015,129.30447286763,129.30447286763
HND,2014,125.346249905396,125.346249905396
HND,2013,118.107167183834,118.107167183834
HND,2012,112.30984636343,112.30984636343
HND,2011,106.762279573148,106.762279573148
HND,2010,100.0,100.0
HKG,2023,142.610948411804,142.610948411804
HKG,2022,139.682360892093,139.682360892093
HKG,2021,137.102951115116,137.102951115116
HKG,2020,134.985357062402,134.985357062402
HKG,2019,134.647443117819,134.647443117819
HKG,2018,130.874070736652,130.874070736652
HKG,2017,127.799053840955,127.799053840955
HKG,2016,125.917999549448,125.917999549448
HKG,2015,122.955620635278,122.955620635278
HKG,2014,119.384996620861,119.384996620861
HKG,2013,114.327551250282,114.327551250282
HKG,2012,109.574228429827,109.574228429827
HKG,2011,105.305248929939,105.305248929939
HKG,2010,100.0,100.0
HUN,2023,177.341119890072,177.341119890072
HUN,2022,151.411885949845,151.411885949845
HUN,2021,132.112676056338,132.112676056338
HUN,2020,125.688766746822,125.688766746822
HUN,2019,121.642047406389,121.642047406389
HUN,2018,117.712126417039,117.712126417039
HUN,2017,114.450017176228,114.450017176228
HUN,2016,111.824115424253,111.824115424253
HUN,2015,111.384403984885,111.384403984885
HUN,2014,111.453108897286,111.453108897286
HUN,2013,111.707317073171,111.707317073171
HUN,2012,109.804190999656,109.804190999656
HUN,2011,103.929920989351,103.929920989351
HUN,2010,100.0,100.0
ISL,2023,163.199594369605,163.199594369605
ISL,2022,150.087495958498,150.087495958498
ISL,2021,138.573742998267,138.573742998267
ISL,2020,132.677248064403,132.677248064403
ISL,2019,129.003331214359,129.003331214359
ISL,2018,125.22896551876,125.22896551876
ISL,2017,121.956960656067,121.956960656067
ISL,2016,119.847152693711,119.847152693711
ISL,2015,117.847368154088,117.847368154088
ISL,2014,115.953778501939,115.953778501939
ISL,2013,113.630473015855,113.630473015855
ISL,2012,109.394415767139,109.394415767139
ISL,2011,104.001026643431,104.001026643431
ISL,2010,100.0,100.0
IND,2023,216.862025027426,216.862025027426
IND,2022,205.266241146235,205.266241146235
IND,2021,192.378724699015,192.378724699015
IND,2020,182.988822584425,182.988822584425
IND,2019,171.621576003377,171.621576003377
IND,2018,165.451068899504,165.451068899504
IND,2017,159.18119775209,159.18119775209
IND,2016,154.054013105394,154.054013105394
IND,2015,146.790501522574,146.790501522574
IND,2014,139.924446113916,139.924446113916
IND,2013,131.18041028234,131.18041028234
IND,2012,119.235538897084,119.235538897084
IND,2011,108.911793364834,108.911793364834
IND,2010,100.0,100.0
IDN,2023,169.056700046911,169.056700046911
IDN,2022,163.071752418121,163.071752418121
IDN,2021,156.484590188327,156.484590188327
IDN,2020,154.080730631506,154.080730631506
IDN,2019,151.176675071352,151.176675071352
IDN,2018,146.729898360527,146.729898360527
IDN,2017,142.182412273917,142.182412273917
IDN,2016,136.965666608222,136.965666608222
IDN,2015,132.300991429788,132.300991429788
IDN,2014,124.386150032818,124.386150032818
IDN,2013,116.909852190406,116.909852190406
IDN,2012,109.864759851215,109.864759851215
IDN,2011,105.356047789822,105.356047789822
IDN,2010,100.0,100.0
IRN,2023,2140.21942916994,2140.21942916994
IRN,2022,1480.30950510605,1480.30950510605
IRN,2021,1031.65750196386,1031.65750196386
IRN,2020,719.481539670071,719.481539670071
IRN,2019,550.929425291206,550.929425291206
IRN,2018,393.781629583152,393.781629583152
IRN,2017,333.673322422363,333.673322422363
IRN,2016,308.828317801683,308.828317801683
IRN,2015,287.964093938751,287.964093938751
IRN,2014,256.002941860307,256.002941860307
IRN,2013,219.54421493168,219.54421493168
IRN,2012,160.716937290151,160.716937290151
IRN,2011,126.293385673861,126.293385673861
IRN,2010,100.0,100.0
IRQ,2022,133.946234405587,133.946234405587
IRQ,2021,127.574201605207,127.574201605207
IRQ,2020,120.30550550657,120.30550550657
IRQ,2019,119.618699575991,119.618699575991
IRQ,2018,119.857173857442,119.857173857442
IRQ,2017,119.418381179572,119.418381179572
IRQ,2016,119.198984840636,119.198984840636
IRQ,2015,118.539288337005,118.539288337005
IRQ,2014,116.910341144268,116.910341144268
IRQ,2013,114.353428132719,114.353428132719
IRQ,2012,112.243807997863,112.243807997863
IRQ,2011,105.801455370853,105.801455370853
IRQ,2010,100.0,100.0
IRL,2023,124.594480724668,124.594480724668
IRL,2022,117.210870023173,117.210870023173
IRL,2021,108.7002317253,108.7002317253
IRL,2020,106.214451232357,106.214451232357
IRL,2019,106.562039182642,106.562039182642
IRL,2018,105.571940172741,105.571940172741
IRL,2017,105.07689066779,105.07689066779
IRL,2016,104.697703812935,104.697703812935
IRL,2015,104.676637876554,104.676637876554
IRL,2014,105.024225826838,105.024225826838
IRL,2013,104.82409943122,104.82409943122
IRL,2012,104.286918053508,104.286918053508
